{
  "train": {
    "mae": 54091.36808360559,
    "rmse": 76818.76060104721,
    "r2": 0.8375260225000278
  },
  "test": {
    "mae": 57397.20322501848,
    "rmse": 81548.91526945213,
    "r2": 0.809667795482796
  }
}